{
    "0":{
        "Addresses":"00000",
        "D7":1,
        "D6":1,
        "D5":1,
        "D4":1,
        "D3":1,
        "D2":1,
        "D1":1,
        "D0":1
    },
    "1":{
        "Addresses":"00001",
        "D7":0,
        "D6":0,
        "D5":0,
        "D4":0,
        "D3":0,
        "D2":0,
        "D1":0,
        "D0":0
    },
    "2":{
        "Addresses":"00010",
        "D7":0,
        "D6":0,
        "D5":0,
        "D4":0,
        "D3":0,
        "D2":0,
        "D1":0,
        "D0":0
    },
    "3":{
        "Addresses":"00011",
        "D7":0,
        "D6":0,
        "D5":0,
        "D4":0,
        "D3":0,
        "D2":0,
        "D1":0,
        "D0":0
    },
    "4":{
        "Addresses":"00100",
        "D7":0,
        "D6":0,
        "D5":0,
        "D4":0,
        "D3":0,
        "D2":0,
        "D1":0,
        "D0":0
    },
    "5":{
        "Addresses":"00101",
        "D7":0,
        "D6":0,
        "D5":0,
        "D4":0,
        "D3":0,
        "D2":0,
        "D1":0,
        "D0":0
    },
    "6":{
        "Addresses":"00110",
        "D7":0,
        "D6":0,
        "D5":0,
        "D4":0,
        "D3":0,
        "D2":0,
        "D1":0,
        "D0":0
    },
    "7":{
        "Addresses":"00111",
        "D7":0,
        "D6":0,
        "D5":0,
        "D4":0,
        "D3":0,
        "D2":0,
        "D1":0,
        "D0":0
    },
    "8":{
        "Addresses":"01000",
        "D7":0,
        "D6":0,
        "D5":0,
        "D4":0,
        "D3":0,
        "D2":0,
        "D1":0,
        "D0":0
    },
    "9":{
        "Addresses":"01001",
        "D7":0,
        "D6":0,
        "D5":0,
        "D4":0,
        "D3":0,
        "D2":0,
        "D1":0,
        "D0":0
    },
    "10":{
        "Addresses":"01010",
        "D7":0,
        "D6":0,
        "D5":0,
        "D4":0,
        "D3":0,
        "D2":0,
        "D1":0,
        "D0":0
    },
    "11":{
        "Addresses":"01011",
        "D7":0,
        "D6":0,
        "D5":0,
        "D4":0,
        "D3":0,
        "D2":0,
        "D1":0,
        "D0":0
    },
    "12":{
        "Addresses":"01100",
        "D7":0,
        "D6":0,
        "D5":0,
        "D4":0,
        "D3":0,
        "D2":0,
        "D1":0,
        "D0":0
    },
    "13":{
        "Addresses":"01101",
        "D7":0,
        "D6":0,
        "D5":0,
        "D4":0,
        "D3":0,
        "D2":0,
        "D1":0,
        "D0":0
    },
    "14":{
        "Addresses":"01110",
        "D7":0,
        "D6":0,
        "D5":0,
        "D4":0,
        "D3":0,
        "D2":0,
        "D1":0,
        "D0":0
    },
    "15":{
        "Addresses":"01111",
        "D7":0,
        "D6":0,
        "D5":0,
        "D4":0,
        "D3":0,
        "D2":0,
        "D1":0,
        "D0":0
    },
    "16":{
        "Addresses":"10000",
        "D7":0,
        "D6":0,
        "D5":0,
        "D4":0,
        "D3":0,
        "D2":0,
        "D1":0,
        "D0":0
    },
    "17":{
        "Addresses":"10001",
        "D7":0,
        "D6":0,
        "D5":0,
        "D4":0,
        "D3":0,
        "D2":0,
        "D1":0,
        "D0":0
    },
    "18":{
        "Addresses":"10010",
        "D7":0,
        "D6":0,
        "D5":0,
        "D4":0,
        "D3":0,
        "D2":0,
        "D1":0,
        "D0":0
    },
    "19":{
        "Addresses":"10011",
        "D7":0,
        "D6":0,
        "D5":0,
        "D4":0,
        "D3":0,
        "D2":0,
        "D1":0,
        "D0":0
    },
    "20":{
        "Addresses":"10100",
        "D7":0,
        "D6":0,
        "D5":0,
        "D4":0,
        "D3":0,
        "D2":0,
        "D1":0,
        "D0":0
    },
    "21":{
        "Addresses":"10101",
        "D7":0,
        "D6":0,
        "D5":0,
        "D4":0,
        "D3":0,
        "D2":0,
        "D1":0,
        "D0":0
    },
    "22":{
        "Addresses":"10110",
        "D7":0,
        "D6":0,
        "D5":0,
        "D4":0,
        "D3":0,
        "D2":0,
        "D1":0,
        "D0":0
    },
    "23":{
        "Addresses":"10111",
        "D7":0,
        "D6":0,
        "D5":0,
        "D4":0,
        "D3":0,
        "D2":0,
        "D1":0,
        "D0":0
    },
    "24":{
        "Addresses":"11000",
        "D7":0,
        "D6":0,
        "D5":0,
        "D4":0,
        "D3":0,
        "D2":0,
        "D1":0,
        "D0":0
    },
    "25":{
        "Addresses":"11001",
        "D7":0,
        "D6":0,
        "D5":0,
        "D4":0,
        "D3":0,
        "D2":0,
        "D1":0,
        "D0":0
    },
    "26":{
        "Addresses":"11010",
        "D7":0,
        "D6":0,
        "D5":0,
        "D4":0,
        "D3":0,
        "D2":0,
        "D1":0,
        "D0":0
    },
    "27":{
        "Addresses":"11011",
        "D7":0,
        "D6":0,
        "D5":0,
        "D4":0,
        "D3":0,
        "D2":0,
        "D1":0,
        "D0":0
    },
    "28":{
        "Addresses":"11100",
        "D7":0,
        "D6":0,
        "D5":0,
        "D4":0,
        "D3":0,
        "D2":0,
        "D1":0,
        "D0":0
    },
    "29":{
        "Addresses":"11101",
        "D7":0,
        "D6":0,
        "D5":0,
        "D4":0,
        "D3":0,
        "D2":0,
        "D1":0,
        "D0":0
    },
    "30":{
        "Addresses":"11110",
        "D7":0,
        "D6":0,
        "D5":0,
        "D4":0,
        "D3":0,
        "D2":0,
        "D1":0,
        "D0":0
    },
    "31":{
        "Addresses":"11111",
        "D7":0,
        "D6":0,
        "D5":0,
        "D4":0,
        "D3":0,
        "D2":0,
        "D1":0,
        "D0":0
    },
    "32":{
        "Addresses":"00000",
        "D7":1,
        "D6":1,
        "D5":1,
        "D4":1,
        "D3":1,
        "D2":1,
        "D1":1,
        "D0":1
    },
    "33":{
        "Addresses":"00001",
        "D7":0,
        "D6":0,
        "D5":0,
        "D4":0,
        "D3":0,
        "D2":0,
        "D1":0,
        "D0":0
    },
    "34":{
        "Addresses":"00010",
        "D7":0,
        "D6":0,
        "D5":0,
        "D4":0,
        "D3":0,
        "D2":0,
        "D1":0,
        "D0":0
    },
    "35":{
        "Addresses":"00011",
        "D7":0,
        "D6":0,
        "D5":0,
        "D4":0,
        "D3":0,
        "D2":0,
        "D1":0,
        "D0":0
    },
    "36":{
        "Addresses":"00100",
        "D7":0,
        "D6":0,
        "D5":0,
        "D4":0,
        "D3":0,
        "D2":0,
        "D1":0,
        "D0":0
    },
    "37":{
        "Addresses":"00101",
        "D7":0,
        "D6":0,
        "D5":0,
        "D4":0,
        "D3":0,
        "D2":0,
        "D1":0,
        "D0":0
    },
    "38":{
        "Addresses":"00110",
        "D7":0,
        "D6":0,
        "D5":0,
        "D4":0,
        "D3":0,
        "D2":0,
        "D1":0,
        "D0":0
    },
    "39":{
        "Addresses":"00111",
        "D7":0,
        "D6":0,
        "D5":0,
        "D4":0,
        "D3":0,
        "D2":0,
        "D1":0,
        "D0":0
    },
    "40":{
        "Addresses":"01000",
        "D7":0,
        "D6":0,
        "D5":0,
        "D4":0,
        "D3":0,
        "D2":0,
        "D1":0,
        "D0":0
    },
    "41":{
        "Addresses":"01001",
        "D7":0,
        "D6":0,
        "D5":0,
        "D4":0,
        "D3":0,
        "D2":0,
        "D1":0,
        "D0":0
    },
    "42":{
        "Addresses":"01010",
        "D7":0,
        "D6":0,
        "D5":0,
        "D4":0,
        "D3":0,
        "D2":0,
        "D1":0,
        "D0":0
    },
    "43":{
        "Addresses":"01011",
        "D7":0,
        "D6":0,
        "D5":0,
        "D4":0,
        "D3":0,
        "D2":0,
        "D1":0,
        "D0":0
    },
    "44":{
        "Addresses":"01100",
        "D7":0,
        "D6":0,
        "D5":0,
        "D4":0,
        "D3":0,
        "D2":0,
        "D1":0,
        "D0":0
    },
    "45":{
        "Addresses":"01101",
        "D7":0,
        "D6":0,
        "D5":0,
        "D4":0,
        "D3":0,
        "D2":0,
        "D1":0,
        "D0":0
    },
    "46":{
        "Addresses":"01110",
        "D7":0,
        "D6":0,
        "D5":0,
        "D4":0,
        "D3":0,
        "D2":0,
        "D1":0,
        "D0":0
    },
    "47":{
        "Addresses":"01111",
        "D7":0,
        "D6":0,
        "D5":0,
        "D4":0,
        "D3":0,
        "D2":0,
        "D1":0,
        "D0":0
    },
    "48":{
        "Addresses":"10000",
        "D7":0,
        "D6":0,
        "D5":0,
        "D4":0,
        "D3":0,
        "D2":0,
        "D1":0,
        "D0":0
    },
    "49":{
        "Addresses":"10001",
        "D7":0,
        "D6":0,
        "D5":0,
        "D4":0,
        "D3":0,
        "D2":0,
        "D1":0,
        "D0":0
    },
    "50":{
        "Addresses":"10010",
        "D7":0,
        "D6":0,
        "D5":0,
        "D4":0,
        "D3":0,
        "D2":0,
        "D1":0,
        "D0":0
    },
    "51":{
        "Addresses":"10011",
        "D7":0,
        "D6":0,
        "D5":0,
        "D4":0,
        "D3":0,
        "D2":0,
        "D1":0,
        "D0":0
    },
    "52":{
        "Addresses":"10100",
        "D7":0,
        "D6":0,
        "D5":0,
        "D4":0,
        "D3":0,
        "D2":0,
        "D1":0,
        "D0":0
    },
    "53":{
        "Addresses":"10101",
        "D7":0,
        "D6":0,
        "D5":0,
        "D4":0,
        "D3":0,
        "D2":0,
        "D1":0,
        "D0":0
    },
    "54":{
        "Addresses":"10110",
        "D7":0,
        "D6":0,
        "D5":0,
        "D4":0,
        "D3":0,
        "D2":0,
        "D1":0,
        "D0":0
    },
    "55":{
        "Addresses":"10111",
        "D7":0,
        "D6":0,
        "D5":0,
        "D4":0,
        "D3":0,
        "D2":0,
        "D1":0,
        "D0":0
    },
    "56":{
        "Addresses":"11000",
        "D7":0,
        "D6":0,
        "D5":0,
        "D4":0,
        "D3":0,
        "D2":0,
        "D1":0,
        "D0":0
    },
    "57":{
        "Addresses":"11001",
        "D7":0,
        "D6":0,
        "D5":0,
        "D4":0,
        "D3":0,
        "D2":0,
        "D1":0,
        "D0":0
    },
    "58":{
        "Addresses":"11010",
        "D7":0,
        "D6":0,
        "D5":0,
        "D4":0,
        "D3":0,
        "D2":0,
        "D1":0,
        "D0":0
    },
    "59":{
        "Addresses":"11011",
        "D7":0,
        "D6":0,
        "D5":0,
        "D4":0,
        "D3":0,
        "D2":0,
        "D1":0,
        "D0":0
    },
    "60":{
        "Addresses":"11100",
        "D7":0,
        "D6":0,
        "D5":0,
        "D4":0,
        "D3":0,
        "D2":0,
        "D1":0,
        "D0":0
    },
    "61":{
        "Addresses":"11101",
        "D7":0,
        "D6":0,
        "D5":0,
        "D4":0,
        "D3":0,
        "D2":0,
        "D1":0,
        "D0":0
    },
    "62":{
        "Addresses":"11110",
        "D7":0,
        "D6":0,
        "D5":0,
        "D4":0,
        "D3":0,
        "D2":0,
        "D1":0,
        "D0":0
    },
    "63":{
        "Addresses":"11111",
        "D7":0,
        "D6":0,
        "D5":0,
        "D4":0,
        "D3":0,
        "D2":0,
        "D1":0,
        "D0":0
    },
    "64":{
        "Addresses":"00000",
        "D7":1,
        "D6":1,
        "D5":1,
        "D4":1,
        "D3":1,
        "D2":1,
        "D1":1,
        "D0":1
    },
    "65":{
        "Addresses":"00001",
        "D7":0,
        "D6":0,
        "D5":0,
        "D4":0,
        "D3":0,
        "D2":0,
        "D1":0,
        "D0":0
    },
    "66":{
        "Addresses":"00010",
        "D7":0,
        "D6":0,
        "D5":0,
        "D4":0,
        "D3":0,
        "D2":0,
        "D1":0,
        "D0":0
    },
    "67":{
        "Addresses":"00011",
        "D7":0,
        "D6":0,
        "D5":0,
        "D4":0,
        "D3":0,
        "D2":0,
        "D1":0,
        "D0":0
    },
    "68":{
        "Addresses":"00100",
        "D7":0,
        "D6":0,
        "D5":0,
        "D4":0,
        "D3":0,
        "D2":0,
        "D1":0,
        "D0":0
    },
    "69":{
        "Addresses":"00101",
        "D7":0,
        "D6":0,
        "D5":0,
        "D4":0,
        "D3":0,
        "D2":0,
        "D1":0,
        "D0":0
    },
    "70":{
        "Addresses":"00110",
        "D7":0,
        "D6":0,
        "D5":0,
        "D4":0,
        "D3":0,
        "D2":0,
        "D1":0,
        "D0":0
    },
    "71":{
        "Addresses":"00111",
        "D7":0,
        "D6":0,
        "D5":0,
        "D4":0,
        "D3":0,
        "D2":0,
        "D1":0,
        "D0":0
    },
    "72":{
        "Addresses":"01000",
        "D7":0,
        "D6":0,
        "D5":0,
        "D4":0,
        "D3":0,
        "D2":0,
        "D1":0,
        "D0":0
    },
    "73":{
        "Addresses":"01001",
        "D7":0,
        "D6":0,
        "D5":0,
        "D4":0,
        "D3":0,
        "D2":0,
        "D1":0,
        "D0":0
    },
    "74":{
        "Addresses":"01010",
        "D7":0,
        "D6":0,
        "D5":0,
        "D4":0,
        "D3":0,
        "D2":0,
        "D1":0,
        "D0":0
    },
    "75":{
        "Addresses":"01011",
        "D7":0,
        "D6":0,
        "D5":0,
        "D4":0,
        "D3":0,
        "D2":0,
        "D1":0,
        "D0":0
    },
    "76":{
        "Addresses":"01100",
        "D7":0,
        "D6":0,
        "D5":0,
        "D4":0,
        "D3":0,
        "D2":0,
        "D1":0,
        "D0":0
    },
    "77":{
        "Addresses":"01101",
        "D7":0,
        "D6":0,
        "D5":0,
        "D4":0,
        "D3":0,
        "D2":0,
        "D1":0,
        "D0":0
    },
    "78":{
        "Addresses":"01110",
        "D7":0,
        "D6":0,
        "D5":0,
        "D4":0,
        "D3":0,
        "D2":0,
        "D1":0,
        "D0":0
    },
    "79":{
        "Addresses":"01111",
        "D7":0,
        "D6":0,
        "D5":0,
        "D4":0,
        "D3":0,
        "D2":0,
        "D1":0,
        "D0":0
    },
    "80":{
        "Addresses":"10000",
        "D7":0,
        "D6":0,
        "D5":0,
        "D4":0,
        "D3":0,
        "D2":0,
        "D1":0,
        "D0":0
    },
    "81":{
        "Addresses":"10001",
        "D7":0,
        "D6":0,
        "D5":0,
        "D4":0,
        "D3":0,
        "D2":0,
        "D1":0,
        "D0":0
    },
    "82":{
        "Addresses":"10010",
        "D7":0,
        "D6":0,
        "D5":0,
        "D4":0,
        "D3":0,
        "D2":0,
        "D1":0,
        "D0":0
    },
    "83":{
        "Addresses":"10011",
        "D7":0,
        "D6":0,
        "D5":0,
        "D4":0,
        "D3":0,
        "D2":0,
        "D1":0,
        "D0":0
    },
    "84":{
        "Addresses":"10100",
        "D7":0,
        "D6":0,
        "D5":0,
        "D4":0,
        "D3":0,
        "D2":0,
        "D1":0,
        "D0":0
    },
    "85":{
        "Addresses":"10101",
        "D7":0,
        "D6":0,
        "D5":0,
        "D4":0,
        "D3":0,
        "D2":0,
        "D1":0,
        "D0":0
    },
    "86":{
        "Addresses":"10110",
        "D7":0,
        "D6":0,
        "D5":0,
        "D4":0,
        "D3":0,
        "D2":0,
        "D1":0,
        "D0":0
    },
    "87":{
        "Addresses":"10111",
        "D7":0,
        "D6":0,
        "D5":0,
        "D4":0,
        "D3":0,
        "D2":0,
        "D1":0,
        "D0":0
    },
    "88":{
        "Addresses":"11000",
        "D7":0,
        "D6":0,
        "D5":0,
        "D4":0,
        "D3":0,
        "D2":0,
        "D1":0,
        "D0":0
    },
    "89":{
        "Addresses":"11001",
        "D7":0,
        "D6":0,
        "D5":0,
        "D4":0,
        "D3":0,
        "D2":0,
        "D1":0,
        "D0":0
    },
    "90":{
        "Addresses":"11010",
        "D7":0,
        "D6":0,
        "D5":0,
        "D4":0,
        "D3":0,
        "D2":0,
        "D1":0,
        "D0":0
    },
    "91":{
        "Addresses":"11011",
        "D7":0,
        "D6":0,
        "D5":0,
        "D4":0,
        "D3":0,
        "D2":0,
        "D1":0,
        "D0":0
    },
    "92":{
        "Addresses":"11100",
        "D7":0,
        "D6":0,
        "D5":0,
        "D4":0,
        "D3":0,
        "D2":0,
        "D1":0,
        "D0":0
    },
    "93":{
        "Addresses":"11101",
        "D7":0,
        "D6":0,
        "D5":0,
        "D4":0,
        "D3":0,
        "D2":0,
        "D1":0,
        "D0":0
    },
    "94":{
        "Addresses":"11110",
        "D7":0,
        "D6":0,
        "D5":0,
        "D4":0,
        "D3":0,
        "D2":0,
        "D1":0,
        "D0":0
    },
    "95":{
        "Addresses":"11111",
        "D7":0,
        "D6":0,
        "D5":0,
        "D4":0,
        "D3":0,
        "D2":0,
        "D1":0,
        "D0":0
    },
    "96":{
        "Addresses":"00000",
        "D7":1,
        "D6":1,
        "D5":1,
        "D4":1,
        "D3":1,
        "D2":1,
        "D1":1,
        "D0":1
    },
    "97":{
        "Addresses":"00001",
        "D7":0,
        "D6":0,
        "D5":0,
        "D4":0,
        "D3":0,
        "D2":0,
        "D1":0,
        "D0":0
    },
    "98":{
        "Addresses":"00010",
        "D7":0,
        "D6":0,
        "D5":0,
        "D4":0,
        "D3":0,
        "D2":0,
        "D1":0,
        "D0":0
    },
    "99":{
        "Addresses":"00011",
        "D7":0,
        "D6":0,
        "D5":0,
        "D4":0,
        "D3":0,
        "D2":0,
        "D1":0,
        "D0":0
    },
    "100":{
        "Addresses":"00100",
        "D7":0,
        "D6":0,
        "D5":0,
        "D4":0,
        "D3":0,
        "D2":0,
        "D1":0,
        "D0":0
    },
    "101":{
        "Addresses":"00101",
        "D7":0,
        "D6":0,
        "D5":0,
        "D4":0,
        "D3":0,
        "D2":0,
        "D1":0,
        "D0":0
    },
    "102":{
        "Addresses":"00110",
        "D7":0,
        "D6":0,
        "D5":0,
        "D4":0,
        "D3":0,
        "D2":0,
        "D1":0,
        "D0":0
    },
    "103":{
        "Addresses":"00111",
        "D7":0,
        "D6":0,
        "D5":0,
        "D4":0,
        "D3":0,
        "D2":0,
        "D1":0,
        "D0":0
    },
    "104":{
        "Addresses":"01000",
        "D7":0,
        "D6":0,
        "D5":0,
        "D4":0,
        "D3":0,
        "D2":0,
        "D1":0,
        "D0":0
    },
    "105":{
        "Addresses":"01001",
        "D7":0,
        "D6":0,
        "D5":0,
        "D4":0,
        "D3":0,
        "D2":0,
        "D1":0,
        "D0":0
    },
    "106":{
        "Addresses":"01010",
        "D7":0,
        "D6":0,
        "D5":0,
        "D4":0,
        "D3":0,
        "D2":0,
        "D1":0,
        "D0":0
    },
    "107":{
        "Addresses":"01011",
        "D7":0,
        "D6":0,
        "D5":0,
        "D4":0,
        "D3":0,
        "D2":0,
        "D1":0,
        "D0":0
    },
    "108":{
        "Addresses":"01100",
        "D7":0,
        "D6":0,
        "D5":0,
        "D4":0,
        "D3":0,
        "D2":0,
        "D1":0,
        "D0":0
    },
    "109":{
        "Addresses":"01101",
        "D7":0,
        "D6":0,
        "D5":0,
        "D4":0,
        "D3":0,
        "D2":0,
        "D1":0,
        "D0":0
    },
    "110":{
        "Addresses":"01110",
        "D7":0,
        "D6":0,
        "D5":0,
        "D4":0,
        "D3":0,
        "D2":0,
        "D1":0,
        "D0":0
    },
    "111":{
        "Addresses":"01111",
        "D7":0,
        "D6":0,
        "D5":0,
        "D4":0,
        "D3":0,
        "D2":0,
        "D1":0,
        "D0":0
    },
    "112":{
        "Addresses":"10000",
        "D7":0,
        "D6":0,
        "D5":0,
        "D4":0,
        "D3":0,
        "D2":0,
        "D1":0,
        "D0":0
    },
    "113":{
        "Addresses":"10001",
        "D7":0,
        "D6":0,
        "D5":0,
        "D4":0,
        "D3":0,
        "D2":0,
        "D1":0,
        "D0":0
    },
    "114":{
        "Addresses":"10010",
        "D7":0,
        "D6":0,
        "D5":0,
        "D4":0,
        "D3":0,
        "D2":0,
        "D1":0,
        "D0":0
    },
    "115":{
        "Addresses":"10011",
        "D7":0,
        "D6":0,
        "D5":0,
        "D4":0,
        "D3":0,
        "D2":0,
        "D1":0,
        "D0":0
    },
    "116":{
        "Addresses":"10100",
        "D7":0,
        "D6":0,
        "D5":0,
        "D4":0,
        "D3":0,
        "D2":0,
        "D1":0,
        "D0":0
    },
    "117":{
        "Addresses":"10101",
        "D7":0,
        "D6":0,
        "D5":0,
        "D4":0,
        "D3":0,
        "D2":0,
        "D1":0,
        "D0":0
    },
    "118":{
        "Addresses":"10110",
        "D7":0,
        "D6":0,
        "D5":0,
        "D4":0,
        "D3":0,
        "D2":0,
        "D1":0,
        "D0":0
    },
    "119":{
        "Addresses":"10111",
        "D7":0,
        "D6":0,
        "D5":0,
        "D4":0,
        "D3":0,
        "D2":0,
        "D1":0,
        "D0":0
    },
    "120":{
        "Addresses":"11000",
        "D7":0,
        "D6":0,
        "D5":0,
        "D4":0,
        "D3":0,
        "D2":0,
        "D1":0,
        "D0":0
    },
    "121":{
        "Addresses":"11001",
        "D7":0,
        "D6":0,
        "D5":0,
        "D4":0,
        "D3":0,
        "D2":0,
        "D1":0,
        "D0":0
    },
    "122":{
        "Addresses":"11010",
        "D7":0,
        "D6":0,
        "D5":0,
        "D4":0,
        "D3":0,
        "D2":0,
        "D1":0,
        "D0":0
    },
    "123":{
        "Addresses":"11011",
        "D7":0,
        "D6":0,
        "D5":0,
        "D4":0,
        "D3":0,
        "D2":0,
        "D1":0,
        "D0":0
    },
    "124":{
        "Addresses":"11100",
        "D7":0,
        "D6":0,
        "D5":0,
        "D4":0,
        "D3":0,
        "D2":0,
        "D1":0,
        "D0":0
    },
    "125":{
        "Addresses":"11101",
        "D7":0,
        "D6":0,
        "D5":0,
        "D4":0,
        "D3":0,
        "D2":0,
        "D1":0,
        "D0":0
    },
    "126":{
        "Addresses":"11110",
        "D7":0,
        "D6":0,
        "D5":0,
        "D4":0,
        "D3":0,
        "D2":0,
        "D1":0,
        "D0":0
    },
    "127":{
        "Addresses":"11111",
        "D7":0,
        "D6":0,
        "D5":0,
        "D4":0,
        "D3":0,
        "D2":0,
        "D1":0,
        "D0":0
    }
}